{
	"format_version": "1.8.0",
	"animations": {
		"animation.baby.general": {
			"loop": true,
			"animation_length": 35.36,
			"bones": {
				"head": {
					"rotation": {
						"0.0": [0, 0, 0],
						"0.1167": [5, 10, 0],
						"0.4333": [5, 10, 0],
						"0.8333": [0, 0, 0]
					}
				},
				"bone9": {
					"position": {
						"0.0": [0, 0, 0],
						"0.1167": [-1, -2, 0],
						"0.4333": [-1, -2, 0],
						"0.8833": [0, 0, 0]
					}
				},
				"eye2": {
					"position": [0, 0, 0]
				},
				"bone12": {
					"position": {
						"0.0": [0, 0, 0],
						"0.1167": [-1, -2, 0],
						"0.4333": [-1, -2, 0],
						"0.8833": [0, 0, 0]
					}
				},
				"plate": {
					"rotation": {
						"0.0": [0, 0, 0],
						"0.1167": [0, 10, 0],
						"0.4333": [0, 10, 0],
						"0.5667": [0, 0, 0]
					}
				},
				"plate6": {
					"rotation": {
						"0.0": [0, 0, 0],
						"0.1167": [0, -20, 0],
						"0.4": [0, -20, 0],
						"0.5667": [0, 0, 0]
					}
				},
				"leftarm": {
					"rotation": {
						"0.0": [0, 0, 0],
						"0.1167": [0, 0, 5],
						"0.4333": [0, 0, 5],
						"0.8333": [0, 0, 0]
					}
				},
				"rghtarm": {
					"rotation": {
						"0.0": [0, 0, 0],
						"0.1167": [0, 0, -5],
						"0.4333": [0, 0, -5],
						"0.8333": [0, 0, 0]
					}
				}
			}
		},
		"animation.baby.move": {
			"loop": true,
			"animation_length": 0.64,
			"bones": {
				"upperbody": {
					"rotation": {
						"0.0": [0, 0, 0],
						"0.1667": [0, -5, 0],
						"0.3167": [0, 0, 0],
						"0.4833": [0, 5, 0],
						"0.6333": [0, 0, 0]
					}
				},
				"head": {
					"rotation": {
						"0.0": [0, 0, 0],
						"0.1667": [0, 5, -5],
						"0.3167": [0, 0, 0],
						"0.4833": [0, -5, 5],
						"0.6333": [0, 0, 0]
					}
				},
				"leftarm": {
					"rotation": {
						"0.0": [0, 0, 0],
						"0.1667": [15, 0, 0],
						"0.3167": [0, 0, 0],
						"0.4833": [-20, 0, 0],
						"0.6333": [-5, 0, 0]
					}
				},
				"rghtarm": {
					"rotation": {
						"0.0": [0, 0, 0],
						"0.1667": [15, 0, 0],
						"0.3167": [0, 0, 0],
						"0.4833": [-15, 0, 0],
						"0.6333": [0, 0, 0]
					}
				},
				"leftleg": {
					"rotation": {
						"0.0": [0, 0, 0],
						"0.1167": [-10, 0, 0],
						"0.2": [-20, 0, 0],
						"0.3167": [0, 0, 0],
						"0.5167": [20, 0, 0],
						"0.6333": [0, 0, 0]
					}
				},
				"leftleg3": {
					"rotation": {
						"0.0": [30, 0, 0],
						"0.1167": [35, 0, 0],
						"0.2": [15, 0, 0],
						"0.3167": [0, 0, 0]
					}
				},
				"rghtleg": {
					"rotation": {
						"0.0": [0, 0, 0],
						"0.2": [15, 0, 0],
						"0.3167": [0, 0, 0],
						"0.4333": [-20, 0, 0],
						"0.5167": [-25, 0, 0],
						"0.6333": [0, 0, 0]
					}
				},
				"leftleg5": {
					"rotation": {
						"0.2333": [0, 0, 0],
						"0.3167": [30, 0, 0],
						"0.4333": [35, 0, 0],
						"0.5167": [20, 0, 0],
						"0.6333": [0, 0, 0]
					}
				}
			}
		},
		"animation.baby.attack": {
			"loop": true,
			"animation_length": 0.12,
			"bones": {
				"upperbody": {
					"rotation": [50, 0, 0]
				},
				"head": {
					"rotation": [-25, 0, 0]
				},
				"w1re8": {
					"rotation": {
						"0.0": [0, 0, 0],
						"0.1167": [15, 0, 0]
					}
				},
				"plate": {
					"rotation": {
						"0.0": [0, 0, 0],
						"0.1167": [20, 15, 0]
					}
				},
				"plate2": {
					"rotation": {
						"0.0": [0, 0, 0],
						"0.1167": [10, -15, 0]
					}
				},
				"bone15": {
					"rotation": {
						"0.0": [0, 0, 0],
						"0.1167": [0, 10, 0]
					}
				},
				"bone16": {
					"rotation": [0, -10, 0]
				},
				"plate3": {
					"rotation": {
						"0.0": [0, 0, 0],
						"0.1167": [-15, 10, 0]
					}
				},
				"plate4": {
					"rotation": {
						"0.0": [0, 0, 0],
						"0.1167": [-10, -15, 0]
					}
				}
			}
		}
	}
}
