{
	"format_version": "1.8.0",
	"animations": {
		"animation.ballora.general": {
			"loop": true,
			"animation_length": 2.08,
			"bones": {
				"ballora": {
					"rotation": {
						"0.0": [0, 0, 0],
						"2.0833": [0, -360, 0]
					}
				}
			}
		},
		"animation.ballora.move": {
			"loop": true,
			"animation_length": 1.08,
			"bones": {
				"ballora": {
					"rotation": {
						"0.0": [0, 0, 0],
						"1.0833": [0, -360, 0]
					}
				},
				"upperbody": {
					"rotation": {
						"0.0": [0, 0, 0],
						"0.2833": [-5, 0, 0],
						"0.6333": [-5, 0, 0],
						"1.0833": [0, 0, 0]
					}
				},
				"head": {
					"rotation": {
						"0.0": [0, 0, 0],
						"0.2833": [-5, 0, 0],
						"0.6333": [-5, 0, 0],
						"1.0833": [0, 0, 0]
					}
				},
				"leftarm": {
					"rotation": {
						"0.0": [0, 0, 0],
						"0.2833": [0, 0, -15],
						"0.6333": [0, 0, -15],
						"1.0833": [0, 0, 0]
					}
				},
				"leftleg": {
					"rotation": {
						"0.0": [0, 0, 0],
						"0.2833": [-10, 0, 0],
						"0.6333": [-10, 0, 0],
						"1.0833": [0, 0, 0]
					}
				}
			}
		},
		"animation.ballora.attack": {
			"loop": true,
			"animation_length": 0.16,
			"bones": {
				"upperbody": {
					"rotation": [55, 0, 0]
				},
				"head": {
					"rotation": [-40, 0, 0]
				},
				"w1res2": {
					"rotation": {
						"0.0": [0, 0, 0],
						"0.1667": [20, 0, 0]
					}
				},
				"eyel1d": {
					"rotation": {
						"0.0": [0, 0, 0],
						"0.1167": [-35, 0, 0]
					}
				},
				"eyel1d2": {
					"rotation": {
						"0.0": [0, 0, 0],
						"0.1167": [30, 0, 0]
					}
				},
				"eyel1d3": {
					"rotation": {
						"0.0": [0, 0, 0],
						"0.1167": [-35, 0, 0]
					}
				},
				"eyel1d4": {
					"rotation": {
						"0.0": [0, 0, 0],
						"0.1167": [25, 0, 0]
					}
				},
				"faceplates": {
					"rotation": {
						"0.0": [0, -5, 0],
						"0.1167": [20, 20, 0]
					}
				},
				"faceplates2": {
					"rotation": {
						"0.0": [0, 0, 0],
						"0.1167": [15, -15, 0]
					}
				},
				"faceplate": {
					"rotation": {
						"0.0": [0, 0, 0],
						"0.1167": [0, 15, 0]
					}
				},
				"faceplate2": {
					"rotation": {
						"0.0": [0, 0, 0],
						"0.1167": [0, -20, 0]
					}
				},
				"leftarm": {
					"rotation": [-105, -75, 0]
				},
				"rghtarm": {
					"rotation": [-85, 60, 25]
				}
			}
		}
	}
}
