{
	"format_version": "1.8.0",
	"animations": {
		"animation.bidybab.general": {
			"loop": true,
			"animation_length": 368.72,
			"bones": {
				"head": {
					"rotation": {
						"0.0": [0, 0, 0],
						"0.4": [0, 0, 5],
						"0.8833": [0, 0, 5],
						"1.3667": [0, 0, 0]
					}
				},
				"jaw": {
					"rotation": [0, 0, 0]
				},
				"faceplates": {
					"rotation": {
						"0.0": [0, 0, 0],
						"0.4": [0, 5, 0],
						"0.8833": [0, 5, 0],
						"1.3667": [0, 0, 0]
					}
				}
			}
		},
		"animation.bidybab.move": {
			"loop": true,
			"animation_length": 0.64,
			"bones": {
				"leftarm": {
					"rotation": {
						"0.0": [0, 0, 0],
						"0.1667": [10, 0, 0],
						"0.3167": [0, 0, 0],
						"0.4833": [-10, 0, 0],
						"0.6333": [0, 0, 0]
					}
				},
				"rghtarm": {
					"rotation": {
						"0.0": [0, 0, 0],
						"0.1667": [-10, 0, 0],
						"0.3167": [3.33, 0, 0],
						"0.4833": [11.67, 0, 0],
						"0.6333": [0, 0, 0]
					}
				},
				"leftleg": {
					"rotation": {
						"0.0": [0, 0, 0],
						"0.1167": [-16.67, 0, 0],
						"0.2": [-10, 0, 0],
						"0.3167": [-5, 0, 0],
						"0.4833": [15, 0, 0],
						"0.6333": [-5, 0, 0]
					}
				},
				"leftleg2": {
					"rotation": {
						"0.0": [30, 0, 0],
						"0.1167": [45, 0, 0],
						"0.2": [5, 0, 0],
						"0.3167": [5, 0, 0]
					}
				},
				"leftleg3": {
					"rotation": {
						"0.0": [0, 0, 0],
						"0.1667": [-15, 0, 0],
						"0.3167": [5, 0, 0],
						"0.4333": [15, 0, 0],
						"0.5167": [20, 0, 0],
						"0.6333": [10, 0, 0]
					}
				},
				"leftleg4": {
					"rotation": {
						"0.2333": [0, 0, 0],
						"0.3167": [-35, 0, 0],
						"0.4333": [-50, 0, 0],
						"0.5167": [-20, 0, 0],
						"0.6333": [-10, 0, 0]
					}
				}
			}
		},
		"animation.bidybab.attack": {
			"loop": true,
			"animation_length": 0.44,
			"bones": {
				"jaw": {
					"rotation": {
						"0.0": [0, 0, 0],
						"0.4333": [15, 0, 0]
					}
				},
				"faceplates": {
					"rotation": {
						"0.0": [0, 0, 0],
						"0.4333": [0, 35, 0]
					}
				},
				"faceplates2": {
					"rotation": {
						"0.0": [0, 0, 0],
						"0.4333": [0, -35, 0]
					}
				},
				"leftarm2": {
					"rotation": [-50, 10, 0]
				},
				"leftarm4": {
					"rotation": [-50, -15, 0]
				}
			}
		}
	}
}
