{
	"format_version": "1.8.0",
	"animations": {
		"animation.bonbon.general": {
			"loop": true,
			"animation_length": 184.48,
			"bones": {
				"rghtarm3": {
					"rotation": {
						"0.0": [0, 0, 0],
						"0.4833": [0, 0, -60],
						"0.5667": [0, 0, -45],
						"0.6333": [0, 0, -65],
						"0.7167": [0, 0, -45],
						"0.8": [0, 0, -65],
						"1.0833": [0, 0, 5]
					}
				},
				"leftarm6": {
					"rotation": {
						"0.4833": [0, 0, -35],
						"1.0833": [0, 0, 5]
					}
				},
				"jaw2": {
					"rotation": {
						"0.0": [0, 0, 0],
						"0.4833": [-20, 0, 0],
						"1.0": [-15, 0, 0],
						"1.4333": [0, 0, 0],
						"184.4833": [0, 0, 0]
					}
				}
			}
		},
		"animation.bonbon.move": {
			"loop": true,
			"animation_length": 1.16,
			"bones": {
				"bonbon": {
					"rotation": {
						"0.2833": [-20, 0, 0],
						"0.4": [-10, 0, 0],
						"0.5667": [0, 0, 0],
						"0.7167": [15, 0, 0],
						"0.8833": [-10, 0, 0],
						"1.0333": [-30, 0, 0],
						"1.1667": [-25, 0, 0]
					},
					"position": {
						"0.0": [0, 0, 0],
						"0.4": [0, 4, 0],
						"0.5667": [0, 9, 0],
						"0.8833": [0, 6, 0],
						"1.0333": [0, -2, 0]
					}
				}
			}
		},
		"animation.bonbon.attack": {
			"animation_length": 0.48,
			"bones": {
				"head3": {
					"rotation": {
						"0.0": [30, 0, 0],
						"0.1167": [30, -15, 0],
						"0.2333": [55, 30, 0],
						"0.3667": [0, 20, 0],
						"0.4833": [0, 0, 0]
					}
				},
				"jaw2": {
					"rotation": [-25, 0, 0]
				}
			}
		}
	}
}
