{
	"format_version": "1.8.0",
	"animations": {
		"animation.ennard.general": {
			"loop": true,
			"animation_length": 362.76,
			"bones": {
				"upperbody": {
					"rotation": {
						"0.0": [0, 0, 0],
						"0.5167": [0, 0, -10],
						"1.0333": [0, 0, -10],
						"1.5667": [0, 0, 0]
					}
				},
				"head": {
					"rotation": {
						"0.0": [0, 0, 0],
						"0.5167": [0, 0, 25],
						"1.0333": [0, 0, 25],
						"1.5667": [0, 0, 0]
					}
				},
				"faceplate2": {
					"rotation": {
						"0.0": [0, 0, 0],
						"0.5167": [0, -60, 0],
						"1.0333": [0, -60, 0],
						"1.5667": [0, 0, 0],
						"362.7667": [0, 0, 0]
					}
				}
			}
		},
		"animation.ennard.move": {
			"loop": true,
			"animation_length": 1,
			"bones": {
				"ennard": {
					"position": [0, -6, 0]
				},
				"upperbody": {
					"rotation": {
						"0.0": [5, 0, -5],
						"0.1667": [5, 5, -5],
						"0.3167": [5, 0, -5],
						"0.4333": [5, -5, -5],
						"0.5667": [5, 0, -5]
					}
				},
				"head": {
					"rotation": {
						"0.0": [0, 0, 10],
						"0.1667": [0, -5, 10],
						"0.3167": [0, 0, 10],
						"0.4333": [0, 5, 10],
						"0.5667": [0, 0, 10]
					}
				},
				"faceplate2": {
					"rotation": [0, 0, 0]
				},
				"leftarm": {
					"rotation": [15, 0, 0]
				},
				"leftarm2": {
					"rotation": [-50, 0, 0]
				},
				"rghtarm": {
					"rotation": [10, 0, 0]
				},
				"rghtarm2": {
					"rotation": [-40, 0, 0]
				},
				"lowerbody": {
					"rotation": {
						"0.0": [0, 5, 0],
						"0.3167": [0, -10, 0],
						"0.5667": [0, 5, 0]
					}
				},
				"leftleg": {
					"rotation": {
						"0.0": [-10, 0, 0],
						"0.1167": [-15, 0, 0],
						"0.2": [-20, 0, 0],
						"0.3167": [-10, 0, 0],
						"0.4333": [10, 0, 0],
						"0.5667": [-10, 0, 0]
					}
				},
				"leftleg2": {
					"rotation": {
						"0.0": [40, 0, 0],
						"0.1167": [55, 0, 0],
						"0.2": [15, 0, 0],
						"0.3167": [20, 0, 0]
					}
				},
				"foot": {
					"rotation": [-10, 0, 0]
				},
				"leftleg3": {
					"rotation": {
						"0.0": [-10, 5, 0],
						"0.2": [5, 5, 0],
						"0.3167": [-10, 5, 0],
						"0.4333": [-25, 5, 0],
						"0.5667": [-15, 5, 0]
					}
				},
				"leftleg4": {
					"rotation": {
						"0.0": [20, 0, 0],
						"0.2333": [20, 0, 0],
						"0.3667": [45, 0, 0],
						"0.4333": [30, 0, 0],
						"0.5667": [25, 0, 0]
					}
				},
				"foot2": {
					"rotation": [-10, 0, 0]
				}
			}
		},
		"animation.ennard.attack": {
			"loop": true,
			"animation_length": 0.24,
			"bones": {
				"upperbody": {
					"rotation": [45, 0, -5]
				},
				"head": {
					"rotation": [-35, 0, 10]
				},
				"jaw": {
					"rotation": {
						"0.0": [0, 0, 0],
						"0.1667": [45, 0, 0]
					}
				},
				"w1re": {
					"rotation": {
						"0.0833": [0, 0, 0],
						"0.1167": [-5, 0, 0],
						"0.1667": [0, 0, 0],
						"0.2": [-5, 0, 0],
						"0.2333": [0, 0, 0]
					}
				},
				"faceplate": {
					"rotation": {
						"0.0": [0, 0, 0],
						"0.1667": [0, 60, 0]
					}
				},
				"faceplate2": {
					"rotation": {
						"0.0": [0, 0, 0],
						"0.1667": [0, -60, 0]
					}
				},
				"faceplate3": {
					"rotation": {
						"0.0": [0, 0, 0],
						"0.1667": [0, 0, 50]
					}
				},
				"faceplate4": {
					"rotation": {
						"0.0": [0, 0, 0],
						"0.1667": [0, 0, -50]
					}
				},
				"leftarm": {
					"rotation": [5, 25, -5]
				},
				"leftarm2": {
					"rotation": [-50, 0, 0]
				},
				"rghtarm": {
					"rotation": [0, 0, -15]
				},
				"rghtarm2": {
					"rotation": [-65, 0, 0]
				}
			}
		}
	}
}
