{
	"format_version": "1.8.0",
	"animations": {
		"animation.funtimefoxy.general": {
			"loop": true,
			"animation_length": 371.4,
			"bones": {
				"upperbody": {
					"rotation": {
						"0.0": [0, 0, 0],
						"0.4833": [0, -5, 0],
						"1.5167": [0, 0, 0]
					}
				},
				"head": {
					"rotation": {
						"0.0": [0, 0, 0],
						"0.4833": [0, 5, 5],
						"1.0333": [0, 5, 5],
						"1.5167": [0, 0, 0]
					}
				},
				"jaw2": {
					"rotation": {
						"0.0": [0, 0, 0],
						"0.4833": [25, 0, 0],
						"1.0333": [25, 0, 0],
						"1.5167": [0, 0, 0]
					}
				},
				"leftarm": {
					"rotation": {
						"0.0": [0, 0, 0],
						"0.4833": [0, 50, 35],
						"1.0333": [0, 50, 35],
						"1.5167": [0, 5, 0]
					}
				},
				"rghtarm": {
					"rotation": {
						"0.0": [-20, 0, 0],
						"0.4833": [-20, -75, -15],
						"1.0333": [-20, -75, -15],
						"1.5167": [-5, 5, 0]
					}
				},
				"ta1l": {
					"rotation": {
						"0.0": [0, 0, 0],
						"0.4833": [0, 0, 70],
						"1.0333": [0, 0, -10],
						"1.5167": [0, 0, 75],
						"2.0333": [0, 0, 0],
						"371.4": [0, 0, 0]
					}
				}
			}
		},
		"animation.funtimefoxy.move": {
			"loop": true,
			"animation_length": 0.64,
			"bones": {
				"funt1mefoxy": {
					"position": [0, -3, 0]
				},
				"upperbody": {
					"rotation": {
						"0.0": [5, 0, 0],
						"0.1667": [5, -5, 0],
						"0.3167": [5, 0, 0],
						"0.4833": [5, 5, 0],
						"0.6333": [5, 0, 0]
					}
				},
				"head": {
					"rotation": {
						"0.0": [0, 0, 5],
						"0.1667": [0, 7.5, 5],
						"0.3167": [0, 0, 5],
						"0.4833": [0, -5, 5],
						"0.6333": [0, 5, 5]
					}
				},
				"jaw2": {
					"rotation": [30, 0, 0]
				},
				"leftarm2": {
					"rotation": [-40, 20, 0]
				},
				"rghtarm2": {
					"rotation": [-50, -20, 0]
				},
				"ta1l": {
					"rotation": {
						"0.0": [0, 0, 0],
						"0.3167": [0, 0, 80],
						"0.6333": [0, 0, -5]
					}
				},
				"leftleg": {
					"rotation": {
						"0.0": [-10, 0, 5],
						"0.1167": [-20, 0, 5],
						"0.2": [-25, 0, 5],
						"0.3167": [-15, 0, 5],
						"0.5167": [-10, 0, 5],
						"0.6333": [-20, 0, 5]
					}
				},
				"leftleg2": {
					"rotation": {
						"0.0": [35, 0, 0],
						"0.1167": [50, 0, 0],
						"0.2": [40, 0, 0],
						"0.3167": [25, 0, 0],
						"0.6333": [45, 0, 0]
					}
				},
				"foot": {
					"rotation": [-5, 5, -6]
				},
				"rghtleg": {
					"rotation": {
						"0.0": [-10, 0, -5],
						"0.1667": [0, 0, -5],
						"0.3167": [-10, 0, -5],
						"0.4333": [-15, 0, -5],
						"0.5167": [-25, 0, -5],
						"0.6333": [-15, 0, -5]
					}
				},
				"leftleg4": {
					"rotation": {
						"0.0": [15, 0, 0],
						"0.2333": [15, 0, 0],
						"0.3667": [35, 0, 0],
						"0.4333": [40, 0, 0],
						"0.5167": [37, 0, 0],
						"0.6333": [20, 0, 0]
					}
				},
				"foot2": {
					"rotation": [-5, -5, 5]
				}
			}
		},
		"animation.funtimefoxy.attack": {
			"animation_length": 0.32,
			"bones": {
				"upperbody": {
					"rotation": [45, 0, 0]
				},
				"head": {
					"rotation": {
						"0.0": [-25, 0, 0],
						"0.0833": [-25, 0, -55],
						"0.1667": [-45, 0, -25],
						"0.2333": [-20, 0, 10],
						"0.3167": [-20, 0, -15]
					}
				},
				"faceplate1": {
					"rotation": {
						"0.0": [0, 0, 0],
						"0.0833": [0, 25, 0]
					}
				},
				"faceplate2": {
					"rotation": {
						"0.0": [0, 0, 0],
						"0.0833": [0, -25, 0]
					}
				},
				"faceplate": {
					"rotation": {
						"0.0": [0, 0, 0],
						"0.0833": [-15, 30, 0]
					}
				},
				"faceplate3": {
					"rotation": {
						"0.0": [0, 0, 0],
						"0.0833": [-15, -25, 0]
					}
				},
				"jaw2": {
					"rotation": [55, 0, 0]
				},
				"leftarm": {
					"rotation": [-80, 40, 0]
				},
				"rghtarm": {
					"rotation": [-85, -40, 0]
				}
			}
		}
	}
}
