{
	"format_version": "1.8.0",
	"animations": {
		"animation.funtimefreddy.general": {
			"loop": true,
			"animation_length": 367,
			"bones": {
				"upperbody": {
					"rotation": {
						"0.0": [0, 0, 0],
						"0.4333": [0, 20, 2],
						"1.0833": [0, 20, 2],
						"1.4833": [0, 0, 0]
					}
				},
				"head": {
					"rotation": {
						"0.0": [0, 0, 0],
						"0.4333": [0, 20, 0],
						"1.0833": [0, 20, 0],
						"1.4833": [0, 0, 0]
					}
				},
				"eyel1d": {
					"rotation": {
						"0.0": [5, 0, 0],
						"0.4333": [-5, 0, 0],
						"1.0833": [-5, 0, 0],
						"1.4833": [5, 0, 0]
					}
				},
				"eyel1d3": {
					"rotation": {
						"0.0": [5, 0, 0],
						"0.4333": [0, 0, 0],
						"1.0833": [0, 0, 0],
						"1.4833": [5, 0, 0],
						"367.0": [5, 0, 0]
					}
				},
				"faceplate2": {
					"rotation": [0, 0, 0]
				},
				"jaw": {
					"rotation": {
						"0.0": [0, 0, 0],
						"0.4333": [10, 0, 0],
						"1.4833": [0, 0, 0]
					}
				},
				"leftarm": {
					"rotation": {
						"0.0": [0, 0, 0],
						"0.4333": [-25, 0, 15],
						"1.4833": [-5, 0, 0]
					}
				},
				"bonbon": {
					"rotation": {
						"0.0": [0, 0, 0],
						"0.4333": [-25, 20, 0],
						"1.0833": [-25, 20, 0],
						"1.4833": [0, 0, 0]
					}
				},
				"leftarm6": {
					"rotation": {
						"0.3167": [0, 0, 5],
						"0.4": [0, 0, -8.33],
						"0.4833": [0, 0, 15],
						"0.5667": [0, 0, 5],
						"0.6333": [0, 0, -5],
						"0.7167": [0, 0, 5]
					}
				},
				"jaw2": {
					"rotation": {
						"0.0": [0, 0, 0],
						"0.4333": [-20, 0, 0],
						"1.0833": [-20, 0, 0],
						"1.4833": [0, 0, 0]
					}
				}
			}
		},
		"animation.funtimefreddy.move": {
			"loop": true,
			"animation_length": 0.6,
			"bones": {
				"upperbody": {
					"rotation": {
						"0.0": [0, 0, 0],
						"0.1167": [0, -5, 0],
						"0.2833": [0, 0, 0],
						"0.4333": [0, 5, 0],
						"0.6": [0, 0, 0]
					}
				},
				"jaw2": {
					"rotation": [-15, 0, 0]
				},
				"rghtarm": {
					"rotation": [0, 0, -5]
				},
				"leftleg": {
					"rotation": {
						"0.0": [0, 0, 0],
						"0.1167": [-10, 0, 0],
						"0.2": [-20, 0, 0],
						"0.3167": [0, 0, 0],
						"0.5167": [10, 0, 0],
						"0.6": [-5, 0, 0]
					}
				},
				"leftleg2": {
					"rotation": {
						"0.0": [20, 0, 0],
						"0.1167": [45, 0, 0],
						"0.2": [25, 0, 0],
						"0.3167": [0, 0, 0]
					}
				},
				"rghtleg": {
					"rotation": {
						"0.0": [0, 0, 0],
						"0.2": [10, 0, 0],
						"0.3167": [0, 0, 0],
						"0.4333": [-10, 0, 0],
						"0.5167": [-20, 0, 0],
						"0.6": [-5, 0, 0]
					}
				},
				"leftleg4": {
					"rotation": {
						"0.2333": [0, 0, 0],
						"0.3167": [25, 0, 0],
						"0.4333": [40, 0, 0],
						"0.5167": [25, 0, 0],
						"0.6": [5, 0, 0]
					}
				}
			}
		},
		"animation.funtimefreddy.attack": {
			"loop": true,
			"animation_length": 0.28,
			"bones": {
				"upperbody": {
					"rotation": [40, 0, 0]
				},
				"head": {
					"rotation": {
						"0.0": [-15, 0, 0],
						"0.1167": [-25, 0, 0],
						"0.2833": [-15, 0, 0]
					}
				},
				"faceplate1": {
					"rotation": [0, 40, 0]
				},
				"faceplate2": {
					"rotation": [0, -40, 0]
				},
				"faceplate3": {
					"rotation": [-15, 25, 0]
				},
				"faceplate4": {
					"rotation": [-15, -20, 0]
				},
				"endo2": {
					"rotation": [25, 0, 0]
				},
				"helmet2": {
					"rotation": [25, 20, 0]
				},
				"helmet3": {
					"rotation": [30, -20, 0]
				},
				"head3": {
					"rotation": [0, 35, 0]
				},
				"rghtarm": {
					"rotation": [-15, 0, -5]
				},
				"rghtarm2": {
					"rotation": [-65, -30, 0]
				}
			}
		}
	}
}
