{
    "entity_sounds": {
        "entities": {
               "newmob:foxy": {
                "volume": 4,
                "pitch": [
                1,
                1
                ],
                "events": {
                    "ambient": "foxy.idle",
                    "hurt": "foxy.hurt",
                    "death": "foxy.death"
                }
            },   
               "newmob:freddy": {
                "volume": 4,
                "pitch": [
                1,
                1
                ],
                "events": {
                    "ambient": "freddy.idle",
                    "hurt": "freddy.hurt",
                    "death": "freddy.death"
                }
            }
        }
    } 
}
