{
  "format_version": "1.10.0",
  "minecraft:client_entity": {
    "description": {
      "identifier": "newmob:yendo",
      "materials": {
        "default": "fnaf"
      },
      "textures": {
        "default": "textures/entity/yendo"
      },
      "geometry": {
        "default": "geometry.yendo"
      },
      "animations": {
        "moving": "animation.funtimefreddy.move",
        "funtimefreddy_general": "animation.funtimefreddy.general",
        "attacking": "animation.funtimefreddy.attack",
        "look_at_target": "animation.common.look_at_target",

        "move": "controller.animation.funtimefreddy.move",
        "general": "controller.animation.funtimefreddy.general",
        "bite": "controller.animation.funtimefreddy.bite"
      },
      "scripts": {
        "animate": [
          "move", "general", "bite"
        ],
        "pre_animation": [
          "variable.attack = Math.sin(variable.attack_time * 38.17);"
        ]
      },
    "render_controllers": [ "controller.render.fnaf" ],
      "spawn_egg": {
        "texture": "yendo",
        "texture_index": 0
      }
    }
  }
}
