{
  "resource_pack_name": "Fnafsl[Resource]",
  "texture_name": "atlas.items",
  "texture_data": {
    "spawn_egg": {
      "textures": [
      ]
    },
    "ffreddy": {
      "textures": "textures/items/ffreddy"
    },
    "ffoxy": {
      "textures": "textures/items/ffoxy"
    },
    "bbab": {
      "textures": "textures/items/bbab"
    },
    "bonbon": {
      "textures": "textures/items/bonbon"
    },
    "bonnet": {
      "textures": "textures/items/bonnet"
    },
    "lolbit": {
      "textures": "textures/items/lolbit"
    },
    "yendo": {
      "textures": "textures/items/yendo"
    },
    "baby": {
      "textures": "textures/items/baby"
    },
    "ballora": {
      "textures": "textures/items/ballora"
    },
    "ennard": {
      "textures": "textures/items/ennard"
    }
  }
}
