{
  "foxy.idle": {
    "category": "neutral",
    "sounds": [
      "sounds/mob/fnaf1/foxy1"
    ]
  },
  "foxy.death": {
    "category": "neutral",
    "sounds": [
      "sounds/mob/fnaf1/fnaf1death"
    ]
  },
  "foxy.hurt": {
    "category": "neutral",
    "sounds": [
      "sounds/mob/fnaf1/fnaf1death"
    ]
  },
  "freddy.idle": {
    "category": "neutral",
    "sounds": [
      "sounds/mob/fnaf1/freddy1"
    ]
  },
  "freddy.death": {
    "category": "neutral",
    "sounds": [
      "sounds/mob/fnaf1/fnaf1death"
    ]
  },
  "freddy.hurt": {
    "category": "neutral",
    "sounds": [
      "sounds/mob/fnaf1/fnaf1death"
    ]
  },
  "showtime": {
    "category": "music",
    "sounds": [
      "sounds/music/ShowTime"
    ]
  }
}

