{
	"format_version": "1.12.0",
	"minecraft:geometry": [
		{
			"description": {
				"identifier": "geometry.bidybab",
				"texture_width": 517,
				"texture_height": 517,
				"visible_bounds_width": 5,
				"visible_bounds_height": 8,
				"visible_bounds_offset": [0, 4, 0]
			},
			"bones": [
				{
					"name": "b1dybab",
					"pivot": [0, 85, 10]
				},
				{
					"name": "upperbody",
					"parent": "b1dybab",
					"pivot": [0, 51, 2]
				},
				{
					"name": "head",
					"parent": "upperbody",
					"pivot": [0, 84, 2]
				},
				{
					"name": "endo",
					"parent": "head",
					"pivot": [0, 85, 10]
				},
				{
					"name": "jaw",
					"parent": "endo",
					"pivot": [0, 85, 10],
					"cubes": [
						{"origin": [2.9, 87, -9.8], "size": [2.6, 2.2, 1], "uv": [223, 62]},
						{"origin": [0, 87, -9.8], "size": [2.6, 2.2, 1], "uv": [223, 62]},
						{"origin": [-2.8, 87, -9.8], "size": [2.6, 2.2, 1], "uv": [223, 62]},
						{"origin": [-5.7, 87, -9.8], "size": [2.6, 2.2, 1], "uv": [223, 62]},
						{"origin": [-6.3, 83.1, -12], "size": [12.6, 3.9, 2.4], "uv": [320, 255]},
						{"origin": [-6, 85, -10], "size": [12, 2, 13], "uv": [183, 282]}
					]
				},
				{
					"name": "jaw2",
					"parent": "endo",
					"pivot": [0, 92.7, 2.8],
					"cubes": [
						{"origin": [2.9, 89.7, -10], "size": [2.6, 2.2, 1], "uv": [223, 62]},
						{"origin": [0, 89.7, -10], "size": [2.6, 2.2, 1], "uv": [223, 62]},
						{"origin": [-2.8, 89.7, -10], "size": [2.6, 2.2, 1], "uv": [223, 62]},
						{"origin": [-5.7, 89.7, -10.3], "size": [2.6, 2.2, 1.3], "uv": [223, 62]},
						{"origin": [-6, 91.7, -10.2], "size": [12, 2, 13.1], "uv": [188, 282]}
					]
				},
				{
					"name": "bone",
					"parent": "jaw2",
					"pivot": [0, 93.7, 3.65],
					"cubes": [
						{"origin": [-1, 92.7, -7.5], "size": [2, 2, 6.3], "pivot": [0, 93.7, -1.35], "rotation": [-40, 0, 0], "uv": [223, 62]},
						{"origin": [-1, 111.7, -2.5], "size": [2, 2, 12.3], "uv": [223, 62]},
						{"origin": [-1, 92.7, -2.5], "size": [2, 2, 12.3], "uv": [223, 62]},
						{"origin": [-1, 114.70697, -16.86467], "size": [2, 2, 12], "pivot": [0, 97.7, -5.35], "rotation": [-90, 0, 0], "uv": [223, 62]},
						{"origin": [-1, 96.20697, -16.86467], "size": [2, 2, 12], "pivot": [0, 97.7, -5.35], "rotation": [-90, 0, 0], "uv": [223, 62]},
						{"origin": [-1, 121.4103, 0.01316], "size": [2, 2, 6.3], "pivot": [0, 108.4, -5.35], "rotation": [-50, 0, 0], "uv": [223, 62]},
						{"origin": [-1, 107.7103, -5.98684], "size": [2, 2, 6.3], "pivot": [0, 108.4, -5.35], "rotation": [50, 0, 0], "uv": [223, 62]},
						{"origin": [-1, 99.2, -14.9], "size": [2, 2, 6.3], "pivot": [0, 93.7, -1.35], "rotation": [-140, 0, 0], "uv": [223, 62]}
					]
				},
				{
					"name": "bone2",
					"parent": "jaw2",
					"pivot": [9.3, 93.7, 3.65],
					"rotation": [0, 0, -90],
					"cubes": [
						{"origin": [8.3, 92.7, -7.5], "size": [2, 2, 6.3], "pivot": [9.3, 93.7, -1.35], "rotation": [-40, 0, 0], "uv": [223, 62]},
						{"origin": [8.3, 111.7, -2.5], "size": [2, 2, 12.3], "uv": [223, 62]},
						{"origin": [8.3, 92.7, -2.5], "size": [2, 2, 12.3], "uv": [223, 62]},
						{"origin": [8.3, 114.70697, -16.86467], "size": [2, 2, 12], "pivot": [9.3, 97.7, -5.35], "rotation": [-90, 0, 0], "uv": [223, 62]},
						{"origin": [8.3, 96.20697, -16.86467], "size": [2, 2, 12], "pivot": [9.3, 97.7, -5.35], "rotation": [-90, 0, 0], "uv": [223, 62]},
						{"origin": [8.3, 121.4103, 0.01316], "size": [2, 2, 6.3], "pivot": [9.3, 108.4, -5.35], "rotation": [-50, 0, 0], "uv": [223, 62]},
						{"origin": [8.3, 107.7103, -5.98684], "size": [2, 2, 6.3], "pivot": [9.3, 108.4, -5.35], "rotation": [50, 0, 0], "uv": [223, 62]},
						{"origin": [8.3, 99.2, -14.9], "size": [2, 2, 6.3], "pivot": [9.3, 93.7, -1.35], "rotation": [-140, 0, 0], "uv": [223, 62]}
					]
				},
				{
					"name": "eyes",
					"parent": "endo",
					"pivot": [0, 102, -8]
				},
				{
					"name": "eye",
					"parent": "eyes",
					"pivot": [-6, 102, -8],
					"cubes": [
						{"origin": [-12, 99, -9], "size": [9, 9, 9], "uv": [228, 18]},
						{"origin": [-13, 100, -8], "size": [1, 7, 7], "uv": [228, 18]},
						{"origin": [-3, 100, -8], "size": [1, 7, 7], "uv": [228, 18]},
						{"origin": [-10.4, 100.5, -10], "size": [6, 6, 1], "uv": [207, 113]}
					]
				},
				{
					"name": "eyel1d",
					"parent": "eye",
					"pivot": [-6, 104, 0],
					"rotation": [-20, 0, 0],
					"cubes": [
						{"origin": [-14, 104, -11], "size": [13, 3, 12], "uv": [452, 37]},
						{"origin": [-13, 107, -10], "size": [11, 1, 10], "uv": [452, 37]}
					]
				},
				{
					"name": "eyel1d2",
					"parent": "eye",
					"pivot": [-6, 103, 0],
					"rotation": [50, 0, 0],
					"cubes": [
						{"origin": [-14, 103, -11], "size": [13, 3, 12], "uv": [183, 280]},
						{"origin": [-13, 102, -10], "size": [11, 1, 10], "uv": [183, 280]}
					]
				},
				{
					"name": "eye2",
					"parent": "eyes",
					"pivot": [9, 102, -8],
					"cubes": [
						{"origin": [3, 99, -9], "size": [9, 9, 9], "uv": [228, 18]},
						{"origin": [2, 100, -8], "size": [1, 7, 7], "uv": [228, 18]},
						{"origin": [12, 100, -8], "size": [1, 7, 7], "uv": [228, 18]},
						{"origin": [4.6, 100.5, -10], "size": [6, 6, 1], "uv": [207, 113]}
					]
				},
				{
					"name": "eyel1d3",
					"parent": "eye2",
					"pivot": [9, 104, 0],
					"rotation": [-20, 0, 0],
					"cubes": [
						{"origin": [1, 104, -11], "size": [13, 3, 12], "uv": [452, 37]},
						{"origin": [2, 107, -10], "size": [11, 1, 10], "uv": [452, 37]}
					]
				},
				{
					"name": "eyel1d4",
					"parent": "eye2",
					"pivot": [9, 103, 0],
					"rotation": [50, 0, 0],
					"cubes": [
						{"origin": [1, 103, -11], "size": [13, 3, 12], "uv": [183, 280]},
						{"origin": [2, 102, -10], "size": [11, 1, 10], "uv": [183, 280]}
					]
				},
				{
					"name": "faceplates",
					"parent": "head",
					"pivot": [-0.5, 98, 17.3],
					"cubes": [
						{"origin": [-15.2, 93, -12.7], "size": [15, 5, 1], "uv": [0, 0]},
						{"origin": [-3.2, 98, -12.7], "size": [3, 1, 1], "uv": [0, 0]},
						{"origin": [-3.5, 95, -14.7], "size": [7, 2, 2], "uv": [323, 258]},
						{"origin": [-2.5, 95, -16.7], "size": [5, 2, 2], "uv": [323, 258]},
						{"origin": [-1.5, 95, -17.7], "size": [3, 2, 1], "uv": [323, 258]},
						{"origin": [-2.5, 97, -15.7], "size": [4, 2, 3], "uv": [323, 258]},
						{"origin": [-2.5, 97, -16.7], "size": [5, 2, 3], "uv": [323, 258]},
						{"origin": [-1.5, 99, -14.7], "size": [3, 1, 2], "uv": [323, 258]},
						{"origin": [-4.2, 95, -14.7], "size": [5, 2, 2], "uv": [323, 258]},
						{"origin": [-2.2, 99, -12.7], "size": [2, 9, 1], "uv": [0, 0]},
						{"origin": [-15.2, 91, -12.7], "size": [4, 2, 1], "uv": [0, 0]},
						{"origin": [-14.2, 89, -12.7], "size": [4, 2, 1], "uv": [0, 0]},
						{"origin": [-13.2, 87, -12.7], "size": [4, 2, 1], "uv": [0, 0]},
						{"origin": [-18.2, 93, -11.7], "size": [3, 15, 1], "uv": [0, 0]},
						{"origin": [-13.2, 107, -12.7], "size": [12, 3, 1], "uv": [0, 0]},
						{"origin": [-15.2, 107, -11.7], "size": [2, 2, 1], "uv": [0, 0]},
						{"origin": [-17.2, 89, -11.7], "size": [2, 4, 1], "uv": [0, 0]},
						{"origin": [-16.2, 87, -11.7], "size": [2, 4, 1], "uv": [0, 0]},
						{"origin": [-15.2, 85, -11.7], "size": [2, 4, 1], "uv": [0, 0]},
						{"origin": [-14.2, 83, -11.7], "size": [8, 4, 1], "uv": [0, 0]},
						{"origin": [-14.2, 83, 14.3], "size": [14, 2, 1], "uv": [0, 0]},
						{"origin": [-15.2, 85, 14.3], "size": [15, 2, 1], "uv": [0, 0]},
						{"origin": [-16.2, 87, 14.3], "size": [16, 2, 1], "uv": [0, 0]},
						{"origin": [-17.2, 89, 14.3], "size": [17, 4, 1], "uv": [0, 0]},
						{"origin": [-18.2, 93, 14.3], "size": [18, 15, 1], "uv": [0, 0]},
						{"origin": [-14.2, 85, 15.3], "size": [14, 21, 1], "uv": [0, 0]},
						{"origin": [-12.2, 87, 16.3], "size": [12, 17, 1], "uv": [0, 0]},
						{"origin": [-19.2, 91, -10.7], "size": [1, 17, 25], "uv": [0, 0]},
						{"origin": [-18.2, 108, -10.7], "size": [2, 2, 25], "uv": [0, 0]},
						{"origin": [-20.2, 93, -9.7], "size": [1, 14, 23], "uv": [0, 0]},
						{"origin": [-21.2, 95, -6.7], "size": [1, 10, 17], "uv": [0, 0]},
						{"origin": [-22.2, 97, -4.7], "size": [1, 6, 13], "uv": [0, 0]},
						{"origin": [-24.2, 97, -0.7], "size": [2, 6, 4], "uv": [0, 0]},
						{"origin": [-25.5, 97.6, -0.7], "size": [1.3, 5.2, 3], "uv": [0, 0]},
						{"origin": [-18.2, 89, -10.7], "size": [1, 4, 25], "uv": [0, 0]},
						{"origin": [-16.2, 85, -10.7], "size": [1, 2, 25], "uv": [0, 0]},
						{"origin": [-15.2, 83, -10.7], "size": [1, 2, 25], "uv": [0, 0]},
						{"origin": [-14.2, 82, -10.7], "size": [14, 1, 25], "uv": [0, 0]},
						{"origin": [-15.2, 98, -12.7], "size": [3, 1, 1], "uv": [0, 0]},
						{"origin": [-17.2, 87, -10.7], "size": [1, 2, 25], "uv": [0, 0]}
					]
				},
				{
					"name": "faceplates2",
					"parent": "head",
					"pivot": [0.3, 98, 17.3],
					"cubes": [
						{"origin": [0.3, 93, -12.7], "size": [15, 5, 1], "uv": [0, 0]},
						{"origin": [0.3, 99, -12.7], "size": [2, 9, 1], "uv": [0, 0]},
						{"origin": [12.3, 91, -12.7], "size": [4, 2, 1], "uv": [0, 0]},
						{"origin": [11.3, 89, -12.7], "size": [4, 2, 1], "uv": [0, 0]},
						{"origin": [10.3, 87, -12.7], "size": [4, 2, 1], "uv": [0, 0]},
						{"origin": [15.3, 93, -11.7], "size": [3, 15, 1], "uv": [0, 0]},
						{"origin": [1.3, 107, -12.7], "size": [12, 3, 1], "uv": [0, 0]},
						{"origin": [13.3, 107, -11.7], "size": [2, 2, 1], "uv": [0, 0]},
						{"origin": [15.3, 89, -11.7], "size": [2, 4, 1], "uv": [0, 0]},
						{"origin": [14.3, 87, -11.7], "size": [2, 4, 1], "uv": [0, 0]},
						{"origin": [13.3, 85, -11.7], "size": [2, 4, 1], "uv": [0, 0]},
						{"origin": [6.3, 83, -11.7], "size": [8, 4, 1], "uv": [0, 0]},
						{"origin": [0.3, 83, 14.3], "size": [14, 2, 1], "uv": [0, 0]},
						{"origin": [0.3, 85, 14.3], "size": [15, 2, 1], "uv": [0, 0]},
						{"origin": [0.3, 87, 14.3], "size": [16, 2, 1], "uv": [0, 0]},
						{"origin": [0.3, 89, 14.3], "size": [17, 4, 1], "uv": [0, 0]},
						{"origin": [0.3, 93, 14.3], "size": [18, 15, 1], "uv": [0, 0]},
						{"origin": [0.3, 85, 15.3], "size": [14, 21, 1], "uv": [0, 0]},
						{"origin": [0.3, 87, 16.3], "size": [12, 17, 1], "uv": [0, 0]},
						{"origin": [18.3, 91, -10.7], "size": [1, 17, 25], "uv": [0, 0]},
						{"origin": [16.3, 108, -10.7], "size": [2, 2, 25], "uv": [0, 0]},
						{"origin": [19.3, 93, -9.7], "size": [1, 14, 23], "uv": [0, 0]},
						{"origin": [20.3, 95, -6.7], "size": [1, 10, 17], "uv": [0, 0]},
						{"origin": [21.3, 97, -4.7], "size": [1, 6, 13], "uv": [0, 0]},
						{"origin": [17.3, 89, -10.7], "size": [1, 4, 25], "uv": [0, 0]},
						{"origin": [16.3, 87, -10.7], "size": [1, 2, 25], "uv": [0, 0]},
						{"origin": [15.3, 85, -10.7], "size": [1, 2, 25], "uv": [0, 0]},
						{"origin": [14.3, 83, -10.7], "size": [1, 2, 25], "uv": [0, 0]},
						{"origin": [0.3, 82, -10.7], "size": [14, 1, 25], "uv": [0, 0]},
						{"origin": [12.3, 98, -12.7], "size": [3, 1, 1], "uv": [0, 0]},
						{"origin": [22.3, 97, -0.7], "size": [2, 6, 4], "uv": [0, 0]},
						{"origin": [24, 97.6, -0.7], "size": [1.3, 5.2, 3], "uv": [0, 0]}
					]
				},
				{
					"name": "top",
					"parent": "head",
					"pivot": [0, 85, 10],
					"cubes": [
						{"origin": [17, 112.4, -9], "size": [1, 9, 22], "uv": [460, 26]},
						{"origin": [-18, 112.4, -9], "size": [1, 9, 22], "uv": [460, 26]},
						{"origin": [16, 110.4, -10], "size": [1, 12, 24], "uv": [460, 26]},
						{"origin": [-17, 110.4, -10], "size": [1, 12, 24], "uv": [460, 26]},
						{"origin": [-15, 119.4, -11], "size": [1, 5, 26], "uv": [460, 26]},
						{"origin": [14, 119.4, -11], "size": [1, 5, 26], "uv": [460, 26]},
						{"origin": [15, 110.4, -11], "size": [1, 13, 26], "uv": [460, 26]},
						{"origin": [-16, 110.4, -11], "size": [1, 13, 26], "uv": [460, 26]},
						{"origin": [14, 109.4, -12], "size": [1, 10, 1], "uv": [460, 26]},
						{"origin": [-14, 119.4, -12], "size": [28, 5, 1], "uv": [460, 26]},
						{"origin": [-14, 124.4, -11], "size": [28, 1, 26], "uv": [411, 24]},
						{"origin": [-12, 125.4, -9], "size": [24, 1, 22], "uv": [427, 26]},
						{"origin": [-8, 126.4, -7], "size": [16, 1, 17], "uv": [446, 21]},
						{"origin": [-14, 119.4, 15], "size": [28, 5, 1], "uv": [460, 26]},
						{"origin": [-15, 109.4, -12], "size": [1, 10, 1], "uv": [460, 26]},
						{"origin": [-15, 109.4, 15], "size": [1, 10, 1], "uv": [460, 26]},
						{"origin": [14, 109.4, 15], "size": [1, 10, 1], "uv": [460, 26]},
						{"origin": [-14, 108.4, 16], "size": [28, 11, 1], "uv": [460, 26]},
						{"origin": [-14, 110.4, -13], "size": [28, 12, 1], "uv": [460, 26]}
					]
				},
				{
					"name": "body",
					"parent": "upperbody",
					"pivot": [0, 81, 1]
				},
				{
					"name": "endo2",
					"parent": "body",
					"pivot": [0, 81, 1],
					"cubes": [
						{"origin": [-1, 52, 1], "size": [2, 35, 2], "uv": [201, 277]}
					]
				},
				{
					"name": "torso",
					"parent": "body",
					"pivot": [0, 81, 1],
					"cubes": [
						{"origin": [-15, 78, -8], "size": [29, 2, 20], "uv": [473, 32]},
						{"origin": [-15, 76, -10], "size": [29, 2, 2], "uv": [449, 35]},
						{"origin": [-15, 76, 12], "size": [29, 2, 2], "uv": [449, 35]},
						{"origin": [-14, 56.9, -11], "size": [27, 19.1, 2], "uv": [449, 35]},
						{"origin": [-3, 65, -12], "size": [6, 5, 1], "uv": [487, 498]},
						{"origin": [-14, 52, -10.7], "size": [27, 5, 2], "uv": [16, 16]},
						{"origin": [-14, 52, 12.3], "size": [27, 5, 2], "uv": [16, 16]},
						{"origin": [-16, 52, -8.7], "size": [2, 5, 21], "uv": [16, 16]},
						{"origin": [13, 52, -8.7], "size": [2, 5, 21], "uv": [16, 16]},
						{"origin": [14.7, 52, -6.7], "size": [2, 5, 17], "uv": [16, 16]},
						{"origin": [-17.7, 52, -6.7], "size": [2, 5, 17], "uv": [16, 16]},
						{"origin": [13, 56.9, -10], "size": [2, 19.1, 2], "uv": [449, 35]},
						{"origin": [-16, 56.9, -10], "size": [2, 19.1, 2], "uv": [449, 35]},
						{"origin": [-16, 56.9, 12], "size": [2, 19.1, 2], "uv": [449, 35]},
						{"origin": [-13, 53.9, 12], "size": [2, 19.1, 2], "uv": [449, 35]},
						{"origin": [13, 56.9, 12], "size": [2, 19.1, 2], "uv": [449, 35]},
						{"origin": [-14, 56.9, 13], "size": [27, 19.1, 2], "uv": [449, 35]},
						{"origin": [-17, 56.9, -8], "size": [2, 21.1, 20], "uv": [476, 29]},
						{"origin": [-18, 56.9, -7], "size": [1, 16.1, 18], "uv": [476, 29]},
						{"origin": [16, 56.9, -7], "size": [1, 16.1, 18], "uv": [476, 29]},
						{"origin": [14, 56.9, -8], "size": [2, 21.1, 20], "uv": [476, 29]}
					]
				},
				{
					"name": "leftarm",
					"parent": "upperbody",
					"pivot": [-18, 76, 6],
					"rotation": [10, 0, 40],
					"cubes": [
						{"origin": [-12.24264, 61.58579, 0], "size": [1, 14, 11], "uv": [0, 0]},
						{"origin": [-23.24264, 61.58579, 0], "size": [1, 14, 11], "uv": [0, 0]},
						{"origin": [-20.24264, 59.58579, 7], "size": [1, 18, 1], "uv": [207, 285]},
						{"origin": [-16, 59.58579, 7], "size": [1, 18, 1], "uv": [207, 285]},
						{"origin": [-20.24264, 59.58579, 2], "size": [1, 18, 1], "uv": [207, 285]},
						{"origin": [-16, 59.58579, 2], "size": [1, 18, 1], "uv": [207, 285]},
						{"origin": [-20.24264, 59.58579, 4], "size": [1, 18, 1], "uv": [207, 285]},
						{"origin": [-16, 59.58579, 4], "size": [1, 18, 1], "uv": [207, 285]},
						{"origin": [-20.24264, 59.58579, 9], "size": [1, 18, 1], "uv": [207, 285]},
						{"origin": [-16, 59.58579, 9], "size": [1, 18, 1], "uv": [207, 285]},
						{"origin": [-23.64264, 69.58579, 3], "size": [0.4, 6, 5], "uv": [476, 40]},
						{"origin": [-22.24264, 61.58579, 11], "size": [10, 14, 1], "uv": [0, 0]},
						{"origin": [-22.24264, 61.58579, -1], "size": [10, 14, 1], "uv": [0, 0]}
					]
				},
				{
					"name": "leftarm2",
					"parent": "leftarm",
					"pivot": [-17.24264, 61.58579, 6],
					"rotation": [-30, 0, -25],
					"cubes": [
						{"origin": [-12.13573, 47.55734, 0], "size": [1, 14, 11], "uv": [0, 0]},
						{"origin": [-23.13573, 47.55734, 0], "size": [1, 14, 11], "uv": [0, 0]},
						{"origin": [-20.13573, 45.55734, 7], "size": [1, 18, 1], "uv": [207, 285]},
						{"origin": [-15.89309, 45.55734, 7], "size": [1, 18, 1], "uv": [207, 285]},
						{"origin": [-20.13573, 45.55734, 2], "size": [1, 18, 1], "uv": [207, 285]},
						{"origin": [-15.89309, 45.55734, 2], "size": [1, 18, 1], "uv": [207, 285]},
						{"origin": [-20.13573, 45.55734, 4], "size": [1, 18, 1], "uv": [207, 285]},
						{"origin": [-15.89309, 45.55734, 4], "size": [1, 18, 1], "uv": [207, 285]},
						{"origin": [-20.13573, 45.55734, 9], "size": [1, 18, 1], "uv": [207, 285]},
						{"origin": [-15.89309, 45.55734, 9], "size": [1, 18, 1], "uv": [207, 285]},
						{"origin": [-22.13573, 47.55734, 11], "size": [10, 14, 1], "uv": [0, 0]},
						{"origin": [-22.13573, 47.55734, -1], "size": [10, 14, 1], "uv": [0, 0]}
					]
				},
				{
					"name": "hand",
					"parent": "leftarm2",
					"pivot": [-18.13573, 46.55734, 6],
					"rotation": [-15, 0, -10],
					"cubes": [
						{"origin": [-21.13573, 33.55734, -1], "size": [7, 13, 13], "uv": [0, 0]}
					]
				},
				{
					"name": "f1ngers",
					"parent": "hand",
					"pivot": [-17.63573, 33.55734, 6],
					"cubes": [
						{"origin": [-20.63573, 25.55734, -1], "size": [3, 8, 3.6], "uv": [0, 0]},
						{"origin": [-20.63573, 25.55734, 3.6], "size": [3, 8, 3.6], "uv": [0, 0]},
						{"origin": [-20.63573, 25.55734, 8.2], "size": [3, 8, 3.6], "uv": [0, 0]}
					]
				},
				{
					"name": "bone4",
					"parent": "f1ngers",
					"pivot": [-17.63573, 26.55734, 6],
					"rotation": [0, 0, -20],
					"cubes": [
						{"origin": [-20.63573, 18.55734, -1], "size": [3, 8, 3.6], "uv": [0, 0]},
						{"origin": [-20.63573, 18.55734, 3.6], "size": [3, 8, 3.6], "uv": [0, 0]},
						{"origin": [-20.63573, 18.55734, 8.2], "size": [3, 8, 3.6], "uv": [0, 0]}
					]
				},
				{
					"name": "thumb",
					"parent": "hand",
					"pivot": [-16.13573, 35.55734, -1],
					"rotation": [-40, 0, -25],
					"cubes": [
						{"origin": [-17.13573, 29.55734, -4], "size": [3, 7, 4], "uv": [24, 26]}
					]
				},
				{
					"name": "bone3",
					"parent": "thumb",
					"pivot": [-16.13573, 29.55734, -1],
					"rotation": [20, 0, 0],
					"cubes": [
						{"origin": [-17.13573, 25.55734, -4], "size": [3, 5, 4], "uv": [24, 26]}
					]
				},
				{
					"name": "rghtarm",
					"parent": "upperbody",
					"pivot": [16, 76, 6],
					"rotation": [10, 0, -35],
					"cubes": [
						{"origin": [21.75736, 61.58579, 0], "size": [1, 14, 11], "uv": [0, 0]},
						{"origin": [10.75736, 61.58579, 0], "size": [1, 14, 11], "uv": [0, 0]},
						{"origin": [13.75736, 59.58579, 7], "size": [1, 18, 1], "uv": [207, 285]},
						{"origin": [18, 59.58579, 7], "size": [1, 18, 1], "uv": [207, 285]},
						{"origin": [13.75736, 59.58579, 2], "size": [1, 18, 1], "uv": [207, 285]},
						{"origin": [18, 59.58579, 2], "size": [1, 18, 1], "uv": [207, 285]},
						{"origin": [13.75736, 59.58579, 4], "size": [1, 18, 1], "uv": [207, 285]},
						{"origin": [18, 59.58579, 4], "size": [1, 18, 1], "uv": [207, 285]},
						{"origin": [13.75736, 59.58579, 9], "size": [1, 18, 1], "uv": [207, 285]},
						{"origin": [18, 59.58579, 9], "size": [1, 18, 1], "uv": [207, 285]},
						{"origin": [22.60736, 69.58579, 3], "size": [0.4, 6, 5], "uv": [476, 40]},
						{"origin": [11.75736, 61.58579, 11], "size": [10, 14, 1], "uv": [0, 0]},
						{"origin": [11.75736, 61.58579, -1], "size": [10, 14, 1], "uv": [0, 0]}
					]
				},
				{
					"name": "leftarm4",
					"parent": "rghtarm",
					"pivot": [16.75736, 61.58579, 6],
					"rotation": [-30, 5, 25],
					"cubes": [
						{"origin": [21.86427, 47.55734, 0], "size": [1, 14, 11], "uv": [0, 0]},
						{"origin": [10.86427, 47.55734, 0], "size": [1, 14, 11], "uv": [0, 0]},
						{"origin": [13.86427, 45.55734, 7], "size": [1, 18, 1], "uv": [207, 285]},
						{"origin": [18.10691, 45.55734, 7], "size": [1, 18, 1], "uv": [207, 285]},
						{"origin": [13.86427, 45.55734, 2], "size": [1, 18, 1], "uv": [207, 285]},
						{"origin": [18.10691, 45.55734, 2], "size": [1, 18, 1], "uv": [207, 285]},
						{"origin": [13.86427, 45.55734, 4], "size": [1, 18, 1], "uv": [207, 285]},
						{"origin": [18.10691, 45.55734, 4], "size": [1, 18, 1], "uv": [207, 285]},
						{"origin": [13.86427, 45.55734, 9], "size": [1, 18, 1], "uv": [207, 285]},
						{"origin": [18.10691, 45.55734, 9], "size": [1, 18, 1], "uv": [207, 285]},
						{"origin": [11.86427, 47.55734, 11], "size": [10, 14, 1], "uv": [0, 0]},
						{"origin": [11.86427, 47.55734, -1], "size": [10, 14, 1], "uv": [0, 0]}
					]
				},
				{
					"name": "hand2",
					"parent": "leftarm4",
					"pivot": [15.86427, 46.55734, 6],
					"rotation": [-15, -5, 5],
					"cubes": [
						{"origin": [12.86427, 33.55734, -1], "size": [7, 13, 13], "uv": [0, 0]}
					]
				},
				{
					"name": "f1ngers2",
					"parent": "hand2",
					"pivot": [16.36427, 33.55734, 5],
					"rotation": [0, 180, 0],
					"cubes": [
						{"origin": [13.36427, 25.55734, -2], "size": [3, 8, 3.6], "uv": [0, 0]},
						{"origin": [13.36427, 25.55734, 2.6], "size": [3, 8, 3.6], "uv": [0, 0]},
						{"origin": [13.36427, 25.55734, 7.2], "size": [3, 8, 3.6], "uv": [0, 0]}
					]
				},
				{
					"name": "bone5",
					"parent": "f1ngers2",
					"pivot": [16.36427, 26.55734, 5],
					"rotation": [0, 0, -20],
					"cubes": [
						{"origin": [13.36427, 18.55734, -2], "size": [3, 8, 3.6], "uv": [0, 0]},
						{"origin": [13.36427, 18.55734, 2.6], "size": [3, 8, 3.6], "uv": [0, 0]},
						{"origin": [13.36427, 18.55734, 7.2], "size": [3, 8, 3.6], "uv": [0, 0]}
					]
				},
				{
					"name": "thumb2",
					"parent": "hand2",
					"pivot": [13.86427, 35.55734, -1],
					"rotation": [-40, 0, 30],
					"cubes": [
						{"origin": [12.86427, 29.55734, -4], "size": [3, 7, 4], "uv": [24, 26]}
					]
				},
				{
					"name": "bone6",
					"parent": "thumb2",
					"pivot": [13.86427, 29.55734, -1],
					"rotation": [20, 0, 0],
					"cubes": [
						{"origin": [12.86427, 25.55734, -4], "size": [3, 5, 4], "uv": [24, 26]}
					]
				},
				{
					"name": "lowerbody",
					"parent": "b1dybab",
					"pivot": [0, 52, 2]
				},
				{
					"name": "body2",
					"parent": "lowerbody",
					"pivot": [0, 85, 10]
				},
				{
					"name": "endo3",
					"parent": "body2",
					"pivot": [0, 51, 3],
					"cubes": [
						{"origin": [-11, 43, -1], "size": [22, 9, 7], "uv": [207, 288]}
					]
				},
				{
					"name": "torso2",
					"parent": "body2",
					"pivot": [0, 48, 11],
					"cubes": [
						{"origin": [-15, 41, 11], "size": [29, 10, 1], "uv": [477, 35]},
						{"origin": [-15, 41, -9], "size": [29, 10, 1], "uv": [477, 35]},
						{"origin": [-5, 40, -8], "size": [8, 1, 19], "uv": [477, 35]},
						{"origin": [-17, 41, -8], "size": [2, 10, 19], "uv": [477, 35]},
						{"origin": [14, 41, -8], "size": [2, 10, 19], "uv": [477, 35]}
					]
				},
				{
					"name": "leftleg",
					"parent": "lowerbody",
					"pivot": [-11, 40, 2],
					"rotation": [-5, 0, 4],
					"cubes": [
						{"origin": [-18, 26, -5], "size": [1, 8, 14], "uv": [0, 0]},
						{"origin": [-18, 34, -5], "size": [1, 6, 14], "uv": [481, 35]},
						{"origin": [-17, 34, -6], "size": [7, 6, 1], "uv": [481, 35]},
						{"origin": [-17, 34, 9], "size": [7, 6, 1], "uv": [481, 35]},
						{"origin": [-17, 26, -6], "size": [7, 8, 1], "uv": [16, 29]},
						{"origin": [-17, 26, 9], "size": [7, 8, 1], "uv": [16, 29]},
						{"origin": [-10, 26, -6], "size": [6, 14, 1], "uv": [16, 29]},
						{"origin": [-10, 23, -3], "size": [1, 19, 1], "uv": [207, 288]},
						{"origin": [-15, 23, -3], "size": [1, 19, 1], "uv": [207, 288]},
						{"origin": [-5, 23, -3], "size": [1, 19, 1], "uv": [207, 288]},
						{"origin": [-10, 23, 0], "size": [1, 19, 1], "uv": [207, 288]},
						{"origin": [-15, 23, 0], "size": [1, 19, 1], "uv": [207, 288]},
						{"origin": [-5, 23, 0], "size": [1, 19, 1], "uv": [207, 288]},
						{"origin": [-10, 23, 4], "size": [1, 19, 1], "uv": [207, 288]},
						{"origin": [-15, 23, 4], "size": [1, 19, 1], "uv": [207, 288]},
						{"origin": [-5, 23, 4], "size": [1, 19, 1], "uv": [207, 288]},
						{"origin": [-10, 23, 7], "size": [1, 19, 1], "uv": [207, 288]},
						{"origin": [-15, 23, 7], "size": [1, 19, 1], "uv": [207, 288]},
						{"origin": [-5, 23, 7], "size": [1, 19, 1], "uv": [207, 288]},
						{"origin": [-10, 26, 9], "size": [6, 14, 1], "uv": [16, 29]},
						{"origin": [-4, 26, -5], "size": [1, 14, 14], "uv": [0, 0]}
					]
				},
				{
					"name": "leftleg2",
					"parent": "leftleg",
					"pivot": [-10, 26, 2],
					"rotation": [10, 0, 0],
					"cubes": [
						{"origin": [-18, 11, -5], "size": [1, 14, 14], "uv": [481, 35]},
						{"origin": [-17, 11, -6], "size": [7, 14, 1], "uv": [481, 35]},
						{"origin": [-17, 11, 9], "size": [7, 14, 1], "uv": [481, 35]},
						{"origin": [-10, 11, -6], "size": [6, 14, 1], "uv": [16, 29]},
						{"origin": [-10, 8, -3], "size": [1, 19, 1], "uv": [207, 288]},
						{"origin": [-15, 8, -3], "size": [1, 19, 1], "uv": [207, 288]},
						{"origin": [-5, 8, -3], "size": [1, 19, 1], "uv": [207, 288]},
						{"origin": [-10, 8, 0], "size": [1, 19, 1], "uv": [207, 288]},
						{"origin": [-15, 8, 0], "size": [1, 19, 1], "uv": [207, 288]},
						{"origin": [-5, 8, 0], "size": [1, 19, 1], "uv": [207, 288]},
						{"origin": [-10, 8, 4], "size": [1, 19, 1], "uv": [207, 288]},
						{"origin": [-15, 8, 4], "size": [1, 19, 1], "uv": [207, 288]},
						{"origin": [-5, 8, 4], "size": [1, 19, 1], "uv": [207, 288]},
						{"origin": [-10, 8, 7], "size": [1, 19, 1], "uv": [207, 288]},
						{"origin": [-15, 8, 7], "size": [1, 19, 1], "uv": [207, 288]},
						{"origin": [-5, 8, 7], "size": [1, 19, 1], "uv": [207, 288]},
						{"origin": [-10, 11, 9], "size": [6, 14, 1], "uv": [16, 29]},
						{"origin": [-4, 11, -5], "size": [1, 14, 14], "uv": [0, 0]}
					]
				},
				{
					"name": "foot",
					"parent": "leftleg2",
					"pivot": [-10, 7, 2],
					"rotation": [-5, 10, -5],
					"cubes": [
						{"origin": [-18, 0, -9], "size": [15, 8, 20], "uv": [0, 0]},
						{"origin": [-18.29229, -0.12022, -14.01052], "size": [4, 5, 5], "uv": [0, 0]},
						{"origin": [-10.08437, 0.06081, -14.09506], "size": [4, 5, 5], "uv": [0, 0]},
						{"origin": [-14.09229, -0.12022, -14.01052], "size": [4, 5, 5], "uv": [0, 0]},
						{"origin": [-5.88437, 0.06081, -14.09506], "size": [4, 5, 5], "uv": [0, 0]},
						{"origin": [-19, 0, -8], "size": [1, 6, 16], "uv": [0, 0]},
						{"origin": [-3, 0, -8], "size": [1, 6, 16], "uv": [0, 0]}
					]
				},
				{
					"name": "leftleg3",
					"parent": "lowerbody",
					"pivot": [8, 40, 2],
					"rotation": [5, 180, -6],
					"cubes": [
						{"origin": [1, 26, -5], "size": [1, 8, 14], "uv": [0, 0]},
						{"origin": [1, 34, -5], "size": [1, 6, 14], "uv": [481, 35]},
						{"origin": [2, 34, -6], "size": [7, 6, 1], "uv": [481, 35]},
						{"origin": [2, 34, 9], "size": [7, 6, 1], "uv": [481, 35]},
						{"origin": [2, 26, -6], "size": [7, 8, 1], "uv": [16, 29]},
						{"origin": [2, 26, 9], "size": [7, 8, 1], "uv": [16, 29]},
						{"origin": [9, 26, -6], "size": [6, 14, 1], "uv": [16, 29]},
						{"origin": [9, 23, -3], "size": [1, 19, 1], "uv": [207, 288]},
						{"origin": [4, 23, -3], "size": [1, 19, 1], "uv": [207, 288]},
						{"origin": [14, 23, -3], "size": [1, 19, 1], "uv": [207, 288]},
						{"origin": [9, 23, 0], "size": [1, 19, 1], "uv": [207, 288]},
						{"origin": [4, 23, 0], "size": [1, 19, 1], "uv": [207, 288]},
						{"origin": [14, 23, 0], "size": [1, 19, 1], "uv": [207, 288]},
						{"origin": [9, 23, 4], "size": [1, 19, 1], "uv": [207, 288]},
						{"origin": [4, 23, 4], "size": [1, 19, 1], "uv": [207, 288]},
						{"origin": [14, 23, 4], "size": [1, 19, 1], "uv": [207, 288]},
						{"origin": [9, 23, 7], "size": [1, 19, 1], "uv": [207, 288]},
						{"origin": [4, 23, 7], "size": [1, 19, 1], "uv": [207, 288]},
						{"origin": [14, 23, 7], "size": [1, 19, 1], "uv": [207, 288]},
						{"origin": [9, 26, 9], "size": [6, 14, 1], "uv": [16, 29]},
						{"origin": [15, 26, -5], "size": [1, 14, 14], "uv": [0, 0]}
					]
				},
				{
					"name": "leftleg4",
					"parent": "leftleg3",
					"pivot": [9, 26, 2],
					"rotation": [-10, 0, 0],
					"cubes": [
						{"origin": [1, 11, -5], "size": [1, 14, 14], "uv": [481, 35]},
						{"origin": [2, 11, -6], "size": [7, 14, 1], "uv": [481, 35]},
						{"origin": [2, 11, 9], "size": [7, 14, 1], "uv": [481, 35]},
						{"origin": [9, 11, -6], "size": [6, 14, 1], "uv": [16, 29]},
						{"origin": [9, 8, -3], "size": [1, 19, 1], "uv": [207, 288]},
						{"origin": [4, 8, -3], "size": [1, 19, 1], "uv": [207, 288]},
						{"origin": [14, 8, -3], "size": [1, 19, 1], "uv": [207, 288]},
						{"origin": [9, 8, 0], "size": [1, 19, 1], "uv": [207, 288]},
						{"origin": [4, 8, 0], "size": [1, 19, 1], "uv": [207, 288]},
						{"origin": [14, 8, 0], "size": [1, 19, 1], "uv": [207, 288]},
						{"origin": [9, 8, 4], "size": [1, 19, 1], "uv": [207, 288]},
						{"origin": [4, 8, 4], "size": [1, 19, 1], "uv": [207, 288]},
						{"origin": [14, 8, 4], "size": [1, 19, 1], "uv": [207, 288]},
						{"origin": [9, 8, 7], "size": [1, 19, 1], "uv": [207, 288]},
						{"origin": [4, 8, 7], "size": [1, 19, 1], "uv": [207, 288]},
						{"origin": [14, 8, 7], "size": [1, 19, 1], "uv": [207, 288]},
						{"origin": [9, 11, 9], "size": [6, 14, 1], "uv": [16, 29]},
						{"origin": [15, 11, -5], "size": [1, 14, 14], "uv": [0, 0]}
					]
				},
				{
					"name": "foot2",
					"parent": "leftleg4",
					"pivot": [9, 7, 2],
					"rotation": [-5, 175, -5],
					"cubes": [
						{"origin": [1, 0, -9], "size": [15, 8, 20], "uv": [0, 0]},
						{"origin": [0.70771, -0.12022, -14.01052], "size": [4, 5, 5], "uv": [0, 0]},
						{"origin": [8.91563, 0.06081, -14.09506], "size": [4, 5, 5], "uv": [0, 0]},
						{"origin": [4.90771, -0.12022, -14.01052], "size": [4, 5, 5], "uv": [0, 0]},
						{"origin": [13.11563, 0.06081, -14.09506], "size": [4, 5, 5], "uv": [0, 0]},
						{"origin": [0, 0, -8], "size": [1, 6, 16], "uv": [0, 0]},
						{"origin": [16, 0, -8], "size": [1, 6, 16], "uv": [0, 0]}
					]
				}
			]
		}
	]
}
