{
	"format_version": "1.12.0",
	"minecraft:geometry": [
		{
			"description": {
				"identifier": "geometry.bonbon",
				"texture_width": 517,
				"texture_height": 517,
				"visible_bounds_width": 4,
				"visible_bounds_height": 4,
				"visible_bounds_offset": [0, 2, 0]
			},
			"bones": [
				{
					"name": "bonbon",
					"pivot": [3, 6, 1],
					"rotation": [0, 0, 160]
				},
				{
					"name": "body2",
					"parent": "bonbon",
					"pivot": [3, 0, 1],
					"rotation": [0, 0, 20],
					"cubes": [
						{"origin": [-4.3, -9, -9.4], "size": [14.9, 17, 2], "uv": [304, 364]},
						{"origin": [1.7, -2, -10.4], "size": [1.9, 2, 2], "uv": [486, 513]},
						{"origin": [1.3, -9, -10.8], "size": [2.9, 3, 2.4], "uv": [197, 172]},
						{"origin": [4.3, -10, -10.4], "size": [4.9, 5, 1], "uv": [197, 172]},
						{"origin": [-3.7, -10, -10.4], "size": [4.9, 5, 1], "uv": [197, 172]},
						{"origin": [-4.3, -11, -9.4], "size": [14.9, 2, 2], "uv": [292, 355]},
						{"origin": [-2.3, -12, -8.4], "size": [10.9, 1, 1], "uv": [292, 355]},
						{"origin": [-5.3, -14, -7.4], "size": [16.9, 22, 2], "uv": [423, 347]},
						{"origin": [-5.3, -14, 8.6], "size": [16.9, 22, 2], "uv": [423, 347]},
						{"origin": [10.6, -14, -6.4], "size": [2, 22, 2], "uv": [423, 347]},
						{"origin": [-6.4, -14, -6.4], "size": [2, 22, 2], "uv": [423, 347]},
						{"origin": [-6.4, -14, 7.6], "size": [2, 22, 2], "uv": [423, 347]},
						{"origin": [-7.4, -14, -5.4], "size": [2, 22, 14], "uv": [423, 347]},
						{"origin": [11.6, -14, -5.4], "size": [2, 22, 14], "uv": [423, 347]},
						{"origin": [12.6, -6, -5.4], "size": [2, 12, 14], "uv": [423, 347]},
						{"origin": [-8.4, -6, -5.4], "size": [2, 12, 14], "uv": [423, 347]},
						{"origin": [-6.4, -16, -5.4], "size": [2, 2, 14], "uv": [423, 347]},
						{"origin": [10.6, -16, -5.4], "size": [2, 2, 14], "uv": [423, 347]},
						{"origin": [-5.3, -16, -6.4], "size": [16.9, 2, 2], "uv": [423, 347]},
						{"origin": [-5.3, -16, 7.6], "size": [16.9, 2, 2], "uv": [423, 347]},
						{"origin": [-5.3, -17, -5.4], "size": [16.9, 2, 14], "uv": [423, 347]}
					]
				},
				{
					"name": "leftarm3",
					"parent": "bonbon",
					"pivot": [8, -14, 1],
					"rotation": [0, 0, -25],
					"cubes": [
						{"origin": [8, -17, -2], "size": [8, 6, 6], "uv": [427, 361]}
					]
				},
				{
					"name": "leftarm4",
					"parent": "leftarm3",
					"pivot": [16, -14, 1],
					"rotation": [0, 25, -10],
					"cubes": [
						{"origin": [16, -17, -2], "size": [8, 6, 6], "uv": [427, 361]}
					]
				},
				{
					"name": "bone10",
					"parent": "leftarm4",
					"pivot": [26, -16, 0],
					"rotation": [-5, 10, 0],
					"cubes": [
						{"origin": [24, -17, -1], "size": [1, 6, 4], "uv": [427, 361]},
						{"origin": [25, -18, -1], "size": [7, 8, 4], "uv": [427, 361]}
					]
				},
				{
					"name": "rghtarm3",
					"parent": "bonbon",
					"pivot": [-9, -8, 1],
					"rotation": [0, 0, -120],
					"cubes": [
						{"origin": [-9, -11, -2], "size": [8, 6, 6], "uv": [427, 361]}
					]
				},
				{
					"name": "leftarm6",
					"parent": "rghtarm3",
					"pivot": [-1, -8, 1],
					"rotation": [0, 20, 10],
					"cubes": [
						{"origin": [-1, -11, -2], "size": [8, 6, 6], "pivot": [1, -10, 0], "rotation": [0, 0, 5], "uv": [427, 361]}
					]
				},
				{
					"name": "bone11",
					"parent": "leftarm6",
					"pivot": [9, -10, 0],
					"rotation": [-5, 10, 0],
					"cubes": [
						{"origin": [7, -11, -1], "size": [1, 6, 4], "uv": [427, 361]},
						{"origin": [8, -12, -1], "size": [7, 8, 4], "uv": [427, 361]}
					]
				},
				{
					"name": "bone12",
					"parent": "bonbon",
					"pivot": [3, 36, 1]
				},
				{
					"name": "head3",
					"parent": "bonbon",
					"pivot": [-3.5, -17, -2],
					"rotation": [0, 0, 20]
				},
				{
					"name": "jaw2",
					"parent": "head3",
					"pivot": [-3.5, -23, 2],
					"cubes": [
						{"origin": [-9.5, -17, -2], "size": [13, 1, 9], "pivot": [-3.5, -17, -2], "rotation": [-20, 0, 0], "uv": [425, 355]},
						{"origin": [3.5, -17, -3], "size": [2, 1, 10], "pivot": [-3.5, -17, -2], "rotation": [-20, 0, 0], "uv": [425, 355]},
						{"origin": [-11.5, -18, -4], "size": [2, 1, 11], "pivot": [-3.5, -17, -2], "rotation": [-20, 0, 0], "uv": [425, 355]},
						{"origin": [4.5, -18, -5], "size": [2, 1, 12], "pivot": [-3.5, -17, -2], "rotation": [-20, 0, 0], "uv": [425, 355]},
						{"origin": [-12.5, -18, -3], "size": [2, 1, 10], "pivot": [-3.5, -17, -2], "rotation": [-20, 0, 0], "uv": [425, 355]},
						{"origin": [3.5, -20, -10], "size": [2, 3, 2], "uv": [425, 355]},
						{"origin": [-11.5, -20, -10], "size": [2, 3, 2], "uv": [425, 355]},
						{"origin": [6.2, -21, -5], "size": [1, 3, 12], "pivot": [-3.5, -17, -2], "rotation": [-20, 0, 0], "uv": [425, 355]},
						{"origin": [-13.2, -21, -5], "size": [1, 3, 12], "pivot": [-3.5, -17, -2], "rotation": [-20, 0, 0], "uv": [425, 355]},
						{"origin": [5.5, -20, -9], "size": [1, 3, 6], "uv": [425, 355]},
						{"origin": [-12.5, -20, -9], "size": [1, 3, 6], "uv": [425, 355]},
						{"origin": [-9.5, -20, -11], "size": [13, 3, 2], "uv": [425, 355]},
						{"origin": [-9.5, -17, -10], "size": [13, 1, 8], "uv": [425, 355]},
						{"origin": [3.5, -17, -8], "size": [2, 1, 6], "uv": [425, 355]},
						{"origin": [-11.5, -17, -8], "size": [2, 1, 6], "uv": [425, 355]},
						{"origin": [0.5, -21, -10], "size": [3, 1, 1], "uv": [269, 131]},
						{"origin": [0.5, -21, -10], "size": [3, 1, 1], "uv": [269, 131]},
						{"origin": [-2.8, -21, -10], "size": [3, 1, 1], "uv": [269, 131]},
						{"origin": [-6.4, -21, -10], "size": [3, 1, 1], "uv": [269, 131]},
						{"origin": [-9.8, -21, -10], "size": [3, 1, 1], "uv": [269, 131]},
						{"origin": [-2.8, -21, -10], "size": [3, 1, 1], "uv": [269, 131]},
						{"origin": [-12.5, -21, 7], "size": [19, 4, 1], "pivot": [-3.5, -17, -2], "rotation": [-20, 0, 0], "uv": [425, 355]}
					]
				},
				{
					"name": "helmet4",
					"parent": "head3",
					"pivot": [-3.5, -23, -7],
					"cubes": [
						{"origin": [0.5, -23, -10.4], "size": [3, 1, 1], "uv": [269, 131]},
						{"origin": [-2.7, -23, -10.4], "size": [3, 1, 1], "uv": [269, 131]},
						{"origin": [-6.4, -23, -10.4], "size": [3, 1, 1], "uv": [269, 131]},
						{"origin": [-9.7, -23, -10.4], "size": [3, 1, 1], "uv": [269, 131]},
						{"origin": [-11.5, -30, -7], "size": [17, 7, 1], "uv": [437, 357]},
						{"origin": [4.5, -30, -7], "size": [3, 3, 2], "uv": [197, 172]},
						{"origin": [-13.5, -30, -7], "size": [3, 3, 2], "uv": [197, 172]},
						{"origin": [4.5, -37, -7], "size": [1, 7, 1], "uv": [437, 357]},
						{"origin": [-11.5, -37, -7], "size": [1, 7, 1], "uv": [437, 357]},
						{"origin": [-4.5, -37, -7], "size": [3, 7, 1], "uv": [437, 357]},
						{"origin": [-2.5, -39, -7], "size": [8, 2, 2], "uv": [437, 357]},
						{"origin": [4.5, -39, -5], "size": [2.4, 2, 13], "uv": [437, 357]},
						{"origin": [-13, -39, -5], "size": [2.5, 2, 13], "uv": [437, 357]},
						{"origin": [-12, -40, -6], "size": [18.3, 3, 14], "uv": [437, 357]},
						{"origin": [-2.7, -40.6, -5.4], "size": [7.6, 0.6, 12.6], "uv": [437, 357]},
						{"origin": [-10.7, -40.6, -5.4], "size": [7.6, 0.6, 12.6], "uv": [437, 357]},
						{"origin": [-11.5, -39, -7], "size": [8, 2, 2], "uv": [437, 357]},
						{"origin": [-1.5, -37, -7], "size": [6, 1, 1], "uv": [437, 357]},
						{"origin": [-10.5, -37, -7], "size": [6, 1, 1], "uv": [437, 357]},
						{"origin": [-2.8, -26, -11.4], "size": [7, 3, 4.4], "uv": [300, 372]},
						{"origin": [-10.1, -26, -11.4], "size": [7, 3, 4.4], "uv": [300, 372]},
						{"origin": [-2.8, -29, -10.7], "size": [6, 3, 3.7], "uv": [300, 372]},
						{"origin": [2.8, -28, -10.7], "size": [0.8, 2, 3.7], "uv": [300, 372]},
						{"origin": [-9.5, -28, -10.7], "size": [0.8, 2, 3.7], "uv": [300, 372]},
						{"origin": [-2.8, -29, -11.1], "size": [6, 3, 0.6], "uv": [300, 372]},
						{"origin": [-4.4, -30, -11.7], "size": [3.1, 2, 1.6], "uv": [508, 515]},
						{"origin": [-9.1, -29, -11.1], "size": [6, 3, 0.6], "uv": [300, 372]},
						{"origin": [-9.1, -29, -10.7], "size": [6, 3, 3.7], "uv": [300, 372]},
						{"origin": [5.5, -37, -6], "size": [1, 13, 1], "uv": [437, 357]},
						{"origin": [-12.5, -38, 7], "size": [19, 14, 2], "uv": [437, 357]},
						{"origin": [-10.5, -36, 9], "size": [15, 10, 1], "uv": [437, 357]},
						{"origin": [6.5, -37, -5], "size": [1, 12, 13], "uv": [437, 357]},
						{"origin": [-13.5, -37, -5], "size": [1, 12, 13], "uv": [437, 357]},
						{"origin": [7.5, -34.3, -4.3], "size": [0.7, 8.5, 6.7], "uv": [437, 357]},
						{"origin": [-14.2, -34.3, -4.3], "size": [0.7, 8.5, 6.7], "uv": [437, 357]},
						{"origin": [-14.7, -32.3, -4.3], "size": [0.5, 5.5, 5.5], "uv": [437, 357]},
						{"origin": [8.2, -32.3, -3.3], "size": [0.5, 5.5, 5.5], "uv": [437, 357]},
						{"origin": [-12.5, -37, -6], "size": [1, 14, 1], "uv": [437, 357]}
					]
				},
				{
					"name": "endo8",
					"parent": "head3",
					"pivot": [-3.5, -17, -2],
					"cubes": [
						{"origin": [4.5, -25, -2], "size": [1, 7, 1], "uv": [205, 372]},
						{"origin": [-11.5, -25, -2], "size": [1, 7, 1], "uv": [205, 372]},
						{"origin": [-1.5, -35.3, -4], "size": [5.4, 6.3, 4], "uv": [254, 129]},
						{"origin": [-0.7, -34, -5], "size": [3.5, 3.7, 1], "uv": [220, 129]},
						{"origin": [-8.7, -34, -5], "size": [3.5, 3.7, 1], "uv": [220, 129]},
						{"origin": [-10, -35.3, -4], "size": [5.4, 6.3, 4], "uv": [254, 129]}
					]
				},
				{
					"name": "leftear3",
					"parent": "head3",
					"pivot": [3.5, -41, 0],
					"rotation": [0, 0, -10],
					"cubes": [
						{"origin": [-0.4, -50.8, -2], "size": [7.9, 10.2, 4], "uv": [437, 351]},
						{"origin": [0.6, -49.8, -3], "size": [5.9, 8.2, 1], "uv": [306, 370]}
					]
				},
				{
					"name": "leftear4",
					"parent": "leftear3",
					"pivot": [3.5, -50, 0],
					"rotation": [-25, 0, 0],
					"cubes": [
						{"origin": [-0.4, -58.8, -2], "size": [7.9, 8.2, 4], "uv": [437, 351]},
						{"origin": [0.6, -57.8, -3], "size": [5.9, 6.2, 1], "uv": [306, 370]}
					]
				},
				{
					"name": "rghtear",
					"parent": "head3",
					"pivot": [-9.5, -41, 0],
					"rotation": [0, 0, 5],
					"cubes": [
						{"origin": [-13.4, -50.8, -2], "size": [7.9, 10.2, 4], "uv": [437, 351]},
						{"origin": [-12.4, -49.8, -3], "size": [5.9, 8.2, 1], "uv": [306, 370]}
					]
				},
				{
					"name": "rghtear2",
					"parent": "rghtear",
					"pivot": [-9.5, -50, 0],
					"rotation": [-25, 0, 0],
					"cubes": [
						{"origin": [-13.4, -58.8, -2], "size": [7.9, 8.2, 4], "uv": [437, 351]},
						{"origin": [-12.4, -57.8, -3], "size": [5.9, 6.2, 1], "uv": [306, 370]}
					]
				}
			]
		}
	]
}