{
	"format_version": "1.8.0",
	"minecraft:entity": {
		"description": {
			"identifier": "newmob:ennard",
			"is_spawnable": true,
			"is_summonable": true,
			"is_experimental": false
		},

			"components": {
			"minecraft:navigation.walk":{
				"avoid_water":true,
				"can_float":true,
				"can_open_doors":true,
				"can_pass_doors":true,
				"can_path_over_water":true
			},
			"minecraft:nameable": {},
			"minecraft:breathable": {
				"totalSupply": 15,
				"suffocateTime": 0,
				"breathesWater": true
			},
			"minecraft:health": {
				"value": 200,
				"max": 200
			},
			"minecraft:collision_box": {
				"width": 2.1,
				"height": 17.5
			},
			"minecraft:attack": {
				"damage": 20
			},
			"minecraft:movement": {
				"value": 0.14
			},
			"minecraft:movement.basic": {},
			"minecraft:jump.static": {},
			"minecraft:scale": {
				"value": 0.17
			},
			"minecraft:fire_immune": true,
			"minecraft:behavior.hurt_by_target": {
				"priority": 1
			},
			"minecraft:behavior.nearest_attackable_target": {
				"priority": 1,
				"reselect_targets": true,
				"entity_types": [{
						"filters": {
							"test": "is_family",
							"subject": "other",
							"value": "player"
						},
						"max_dist": 1000
					},
					{
						"filters": {
							"test": "is_family",
							"subject": "other",
							"value": "irongolem"
						},

						"max_dist": 100
					},
					{
						"filters": {
							"test": "is_family",
							"subject": "other",
							"value": "evocation_illager"
						},

						"max_dist": 100
					},
					{
						"filters": {
							"test": "is_family",
							"subject": "other",
							"value": "vindicator"
						},

						"max_dist": 100
					},
					{
						"filters": {
							"test": "is_family",
							"subject": "other",
							"value": "witch"
						},

						"max_dist": 100
					},
					{
						"filters": {
							"test": "is_family",
							"subject": "other",
							"value": "villager"
						},

						"max_dist": 100
					},
					{
						"filters": {
							"test": "is_family",
							"subject": "other",
							"value": "pillager"
						},

						"max_dist": 100
					},
					{
						"filters": {
							"test": "is_family",
							"subject": "other",
							"value": "wandering_trader"
						},

	       "max_dist": 100
					},
					{
						"filters": {
							"test": "is_family",
							"subject": "other",
							"value": "shadow"
						},

						"max_dist": 100
					}
				],
				"must_see": false
			},
			"minecraft:behavior.melee_attack": {
				"priority": 4,
				"target_dist": 1.2,
				"speed_multiplier": 2,
				"track_target": true
			},
			"minecraft:behavior.random_stroll": {
				"priority": 5,
				"speed_multiplier": 2
			},
			"minecraft:behavior.look_at_player": {
				"priority": 6,
				"look_distance": 8
			},
			"minecraft:behavior.random_look_around": {
				"priority": 6
			},
			"minecraft:type_family": {
				"family": ["fnaf"]
			},
			"minecraft:physics": {}
		},

		"events": {
			"minecraft:entity_spawned": {

			}
		}
	}
}
